{
  "version": 1,
  "author": "Uri Shaked",
  "editor": "wokwi",
  "parts": [
    { "type": "wokwi-breadboard-mini", "id": "bb1", "top": -59, "left": -98.4, "attrs": {} },
    { "type": "wokwi-arduino-uno", "id": "uno", "top": 190.78, "left": -184.57, "attrs": {} },
    {
      "type": "wokwi-hc-sr04",
      "id": "ultrasonic1",
      "top": -142.82,
      "left": -157.01,
      "attrs": { "distance": "21" }
    },
    {
      "type": "wokwi-resistor",
      "id": "r1",
      "top": 32.75,
      "left": 0,
      "attrs": { "value": "1000" }
    },
    {
      "type": "wokwi-led",
      "id": "led1",
      "top": -13.2,
      "left": 42.2,
      "attrs": { "color": "red", "flip": "" }
    },
    {
      "type": "wokwi-led",
      "id": "led2",
      "top": 6,
      "left": 33,
      "attrs": { "color": "limegreen", "flip": "1" }
    }
  ],
  "connections": [
    [ "bb1:1t.c", "uno:5V", "violet", [ "v0" ] ],
    [ "bb1:4t.c", "uno:GND.1", "blue", [ "v0" ] ],
    [ "bb1:17b.j", "uno:11", "red", [ "v0" ] ],
    [ "bb1:15b.j", "uno:10", "limegreen", [ "v0" ] ],
    [ "bb1:10b.j", "uno:GND.3", "black", [ "v0" ] ],
    [ "bb1:3t.c", "uno:12", "gold", [ "v0" ] ],
    [ "bb1:2t.c", "uno:13", "orange", [ "v0" ] ],
    [ "ultrasonic1:VCC", "bb1:1t.a", "", [ "$bb" ] ],
    [ "ultrasonic1:TRIG", "bb1:2t.a", "", [ "$bb" ] ],
    [ "ultrasonic1:ECHO", "bb1:3t.a", "", [ "$bb" ] ],
    [ "ultrasonic1:GND", "bb1:4t.a", "", [ "$bb" ] ],
    [ "led1:A", "bb1:17b.g", "", [ "$bb" ] ],
    [ "led1:C", "bb1:16b.g", "", [ "$bb" ] ],
    [ "r1:1", "bb1:10b.h", "", [ "$bb" ] ],
    [ "r1:2", "bb1:16b.h", "", [ "$bb" ] ],
    [ "led2:A", "bb1:15b.i", "", [ "$bb" ] ],
    [ "led2:C", "bb1:16b.i", "", [ "$bb" ] ]
  ],
  "dependencies": {}
}